Employee_Name,Employee_Number,State,Zip,DOB,Age,Sex,MaritalDesc,CitizenDesc,HispanicFslLatino,RaceDesc,Date_of_Hire,Date_of_Termination,Reason_For_Term,Employment_Status,Department,Position,Pay_Rate,Manager_Name,Employee_Source,Performance_Score
"Brown, Mia",1103024456,MA,1450,1985-11-24 00:00:00,32,Female,Married,US Citizen,No,Black or African American,2008-10-27 00:00:00,,N/A - still employed,Active,Admin Offices,Accountant I,28.5,Brandon R. LeBlanc,Diversity Job Fair,Fully Meets
"LaRotonda, William",1106026572,MA,1460,1984-04-26 00:00:00,33,Male,Divorced,US Citizen,No,Black or African American,2014-01-06 00:00:00,,N/A - still employed,Active,Admin Offices,Accountant I,23.0,Brandon R. LeBlanc,Website Banner Ads,Fully Meets
"Steans, Tyrone",1302053333,MA,2703,1986-09-01 00:00:00,31,Male,Single,US Citizen,No,White,2014-09-29 00:00:00,,N/A - still employed,Active,Admin Offices,Accountant I,29.0,Brandon R. LeBlanc,Internet Search,Fully Meets
"Howard, Estelle",1211050782,MA,2170,1985-09-16 00:00:00,32,Female,Married,US Citizen,No,White,2015-02-16 00:00:00,2015-04-15 00:00:00,N/A - still employed,Active,Admin Offices,Administrative Assistant,21.5,Brandon R. LeBlanc,Pay Per Click - Google,N/A- too early to review
"Singh, Nan",1307059817,MA,2330,1988-05-19 00:00:00,29,Female,Single,US Citizen,No,White,2015-05-01 00:00:00,,N/A - still employed,Active,Admin Offices,Administrative Assistant,16.56,Brandon R. LeBlanc,Website Banner Ads,N/A- too early to review
"Smith, Leigh Ann",711007713,MA,1844,1987-06-14 00:00:00,30,Female,Married,US Citizen,No,Asian,2011-09-26 00:00:00,2013-09-25 00:00:00,career change,Voluntarily Terminated,Admin Offices,Administrative Assistant,20.5,Brandon R. LeBlanc,Diversity Job Fair,Fully Meets
"LeBlanc, Brandon  R",1102024115,MA,1460,1984-06-10 00:00:00,33,Male,Married,US Citizen,No,White,2016-01-05 00:00:00,,N/A - still employed,Active,Admin Offices,Shared Services Manager,55.0,Janet King,Monster.com,Fully Meets
"Quinn, Sean",1206043417,MA,2045,1984-11-06 00:00:00,33,Male,Married,Eligible NonCitizen,No,Black or African American,2011-02-21 00:00:00,2015-08-15 00:00:00,career change,Voluntarily Terminated,Admin Offices,Shared Services Manager,55.0,Janet King,Diversity Job Fair,Fully Meets
"Boutwell, Bonalyn",1307060188,MA,2468,1987-04-04 00:00:00,30,Female,Married,US Citizen,No,Asian,2015-02-16 00:00:00,,N/A - still employed,Active,Admin Offices,Sr. Accountant,34.95,Brandon R. LeBlanc,Diversity Job Fair,90-day meets
"Foster-Baker, Amy",1201031308,MA,2050,1979-04-16 00:00:00,38,Female,Married,US Citizen,no,White,2009-01-05 00:00:00,,N/A - still employed,Active,Admin Offices,Sr. Accountant,34.95,Board of Directors,Other,Fully Meets
"King, Janet",1001495124,MA,1902,1954-09-21 00:00:00,63,Female,Married,US Citizen,Yes,White,2012-07-02 00:00:00,,N/A - still employed,Active,Executive Office,President & CEO,80.0,Board of Directors,Pay Per Click - Google,Fully Meets
"Zamora, Jennifer",1112030816,MA,2067,1979-08-30 00:00:00,38,Female,Single,US Citizen,No,White,2010-04-10 00:00:00,,N/A - still employed,Active,IT/IS,CIO,65.0,Janet King,Employee Referral,Exceptional
"Becker, Renee",1102024056,MA,2026,1986-04-04 00:00:00,31,Female,Single,US Citizen,Yes,White,2014-07-07 00:00:00,2015-09-12 00:00:00,performance,Terminated for Cause,IT/IS,Database Administrator,43.0,Simon Roup,Search Engine - Google Bing Yahoo,Fully Meets
"Goble, Taisha",905013738,MA,2127,1971-10-23 00:00:00,46,Female,Single,US Citizen,No,White,2015-02-16 00:00:00,2015-03-15 00:00:00,"no-call, no-show",Terminated for Cause,IT/IS,Database Administrator,48.5,Simon Roup,Glassdoor,Fully Meets
"Hernandez, Daniff",1410071156,MA,1960,1986-08-07 00:00:00,31,Male,Married,US Citizen,No,Black or African American,2015-02-16 00:00:00,2015-02-22 00:00:00,"no-call, no-show",Terminated for Cause,IT/IS,Database Administrator,40.1,Simon Roup,Employee Referral,N/A- too early to review
"Horton, Jayne",1105025718,MA,2493,1984-02-21 00:00:00,33,Female,Single,US Citizen,No,White,2015-03-30 00:00:00,,N/A - still employed,Active,IT/IS,Database Administrator,34.0,Simon Roup,Glassdoor,N/A- too early to review
"Johnson, Noelle",1003018246,MA,2301,1986-11-07 00:00:00,31,Female,Married,US Citizen,No,Asian,2015-01-05 00:00:00,,N/A - still employed,Leave of Absence,IT/IS,Database Administrator,40.0,Simon Roup,Glassdoor,90-day meets
"Murray, Thomas",1406068403,TX,78230,1988-07-04 00:00:00,29,Male,Divorced,US Citizen,No,Black or African American,2014-11-10 00:00:00,,N/A - still employed,Active,IT/IS,Database Administrator,35.5,Simon Roup,Diversity Job Fair,Exceptional
"Pearson, Randall",1102023965,MA,2747,1984-09-05 00:00:00,33,Male,Married,US Citizen,No,White,2014-12-01 00:00:00,2016-05-01 00:00:00,performance,Voluntarily Terminated,IT/IS,Database Administrator,41.0,Simon Roup,Employee Referral,Fully Meets
"Petrowsky, Thelma",1108027853,MA,1886,1984-09-16 00:00:00,33,Female,Married,US Citizen,No,Asian,2014-11-10 00:00:00,,N/A - still employed,Active,IT/IS,Database Administrator,42.75,Simon Roup,Employee Referral,Exceptional
"Roby, Lori",1407068885,MA,1886,1981-10-11 00:00:00,36,Female,Married,US Citizen,No,White,2015-02-16 00:00:00,,N/A - still employed,Active,IT/IS,Database Administrator,39.55,Simon Roup,Employee Referral,Fully Meets
"Rogers, Ivan",1203032255,MA,1810,1986-08-26 00:00:00,31,Male,Married,US Citizen,No,White,2015-03-30 00:00:00,,N/A - still employed,Active,IT/IS,Database Administrator,42.2,Simon Roup,Pay Per Click - Google,N/A- too early to review
"Salter, Jason",1111030148,MA,2452,1987-12-17 00:00:00,30,Male,Divorced,US Citizen,No,Black or African American,2015-01-05 00:00:00,2015-10-31 00:00:00,hours,Voluntarily Terminated,IT/IS,Database Administrator,45.0,Simon Roup,Vendor Referral,90-day meets
"Simard, Kramer",808010278,MA,2110,1970-02-08 00:00:00,47,Male,Married,US Citizen,Yes,White,2015-01-05 00:00:00,,N/A - still employed,Active,IT/IS,Database Administrator,30.2,Simon Roup,Employee Referral,90-day meets
"Zhou, Julia",1110029732,MA,2148,1979-02-24 00:00:00,38,Female,Single,US Citizen,No,White,2015-03-30 00:00:00,,N/A - still employed,Active,IT/IS,Database Administrator,31.4,Simon Roup,Employee Referral,90-day meets
"Foss, Jason",1192991000,MA,1460,1980-07-05 00:00:00,37,Male,Single,US Citizen,No,Black or African American,2011-04-15 00:00:00,,N/A - still employed,Active,IT/IS,IT Director,65.0,Jennifer Zamora,Professional Society,Exceptional
"Roup,Simon",1106026933,MA,2481,1973-04-05 00:00:00,44,Male,Single,US Citizen,No,White,2013-01-20 00:00:00,,N/A - still employed,Active,IT/IS,IT Manager - DB,62.0,Jennifer Zamora,Professional Society,Fully Meets
"Ruiz, Ricardo",1001175250,MA,1915,1964-01-04 00:00:00,54,Male,Divorced,US Citizen,No,Two or more races,2012-01-09 00:00:00,2015-11-04 00:00:00,hours,Voluntarily Terminated,IT/IS,IT Manager - DB,21.0,Jennifer Zamora,Diversity Job Fair,Fully Meets
"Monroe, Peter",1011022863,MA,2134,1986-10-05 00:00:00,31,Male,Married,Eligible NonCitizen,Yes,Hispanic,2012-02-15 00:00:00,,N/A - still employed,Active,IT/IS,IT Manager - Infra,63.0,Jennifer Zamora,Diversity Job Fair,Needs Improvement
"Dougall, Eric",1101023754,MA,1886,1970-07-09 00:00:00,47,Male,Single,US Citizen,No,White,2014-01-05 00:00:00,,N/A - still employed,Active,IT/IS,IT Manager - Support,64.0,Jennifer Zamora,Professional Society,Exceeds
"Clayton, Rick",1301052902,MA,2170,1985-09-05 00:00:00,32,Male,Single,US Citizen,No,White,2012-09-05 00:00:00,,N/A - still employed,Active,IT/IS,IT Support,28.99,Eric Dougall,Glassdoor,Fully Meets
"Galia, Lisa",1501072093,CT,6040,1968-07-06 00:00:00,49,Female,Single,US Citizen,No,White,2010-05-01 00:00:00,,N/A - still employed,Active,IT/IS,IT Support,31.4,Eric Dougall,Vendor Referral,Fully Meets
"Lindsay, Leonara",602000312,CT,6070,1988-10-05 00:00:00,29,Female,Single,US Citizen,Yes,Two or more races,2011-01-21 00:00:00,,N/A - still employed,Active,IT/IS,IT Support,26.0,Eric Dougall,Diversity Job Fair,Exceeds
"Soto, Julia",1203032263,MA,2360,1973-03-12 00:00:00,44,Female,Married,US Citizen,No,Black or African American,2011-06-10 00:00:00,,N/A - still employed,Active,IT/IS,IT Support,27.49,Eric Dougall,Information Session,Fully Meets
"Bacong, Alejandro",1212052023,MA,1886,1988-01-07 00:00:00,30,Male,Divorced,US Citizen,No,White,2015-01-05 00:00:00,,N/A - still employed,Active,IT/IS,Network Engineer,45.0,Peter Monroe,Glassdoor,90-day meets
"Cisco, Anthony",1102024173,MA,2135,1989-11-24 00:00:00,28,Male,Married,US Citizen,Yes,White,2015-03-30 00:00:00,,N/A - still employed,Active,IT/IS,Network Engineer,42.0,Peter Monroe,Information Session,N/A- too early to review
"Dolan, Linda",1101023540,MA,2119,1988-07-18 00:00:00,29,Female,Married,US Citizen,No,White,2015-01-05 00:00:00,,N/A - still employed,Active,IT/IS,Network Engineer,37.0,Peter Monroe,Employee Referral,90-day meets
"Gonzalez, Maria",1988299991,MA,2472,1981-04-16 00:00:00,36,Female,Separated,US Citizen,Yes,White,2015-01-05 00:00:00,,N/A - still employed,Active,IT/IS,Network Engineer,39.0,Peter Monroe,Employee Referral,Fully Meets
"Merlos, Carlos",1012023013,MA,2138,1987-06-18 00:00:00,30,Male,Single,US Citizen,No,White,2015-03-30 00:00:00,,N/A - still employed,Active,IT/IS,Network Engineer,43.0,Peter Monroe,Vendor Referral,N/A- too early to review
"Morway, Tanya",1001956578,MA,2048,1979-04-04 00:00:00,38,Female,Married,US Citizen,No,White,2015-02-16 00:00:00,,N/A - still employed,Active,IT/IS,Network Engineer,27.0,Peter Monroe,Monster.com,Fully Meets
"Shepard, Anita",906014183,MA,1773,1981-04-14 00:00:00,36,Female,Married,US Citizen,No,White,2014-09-30 00:00:00,,N/A - still employed,Active,IT/IS,Network Engineer,47.0,Peter Monroe,Vendor Referral,Fully Meets
"Tredinnick, Neville",1104025466,MA,1420,1988-05-05 00:00:00,29,Male,Married,US Citizen,No,White,2015-01-05 00:00:00,2015-05-12 00:00:00,medical issues,Voluntarily Terminated,IT/IS,Network Engineer,28.0,Peter Monroe,Monster.com,Fully Meets
"Turpin, Jumil",1411071506,MA,2343,1969-03-31 00:00:00,48,Male,Married,Eligible NonCitizen,No,White,2015-03-30 00:00:00,,N/A - still employed,Active,IT/IS,Network Engineer,49.1,Peter Monroe,Employee Referral,N/A- too early to review
"Ait Sidi, Karthikeyan",1307060199,MA,2148,1975-05-05 00:00:00,42,Male,Married,US Citizen,No,White,2015-03-30 00:00:00,2016-06-16 00:00:00,career change,Voluntarily Terminated,IT/IS,Sr. DBA,62.0,Simon Roup,Company Intranet - Partner,Fully Meets
"Carr, Claudia  N",1010022337,MA,1886,1986-06-06 00:00:00,31,Female,Single,US Citizen,No,Black or African American,2016-06-30 00:00:00,,N/A - Has not started yet,Future Start,IT/IS,Sr. DBA,61.3,Simon Roup,Vendor Referral,N/A- too early to review
"Favis, Donald",1412071562,CT,6033,1964-07-30 00:00:00,53,Male,Single,US Citizen,No,Black or African American,2014-02-17 00:00:00,2016-02-19 00:00:00,hours,Terminated for Cause,IT/IS,Sr. DBA,58.2,Simon Roup,Vendor Referral,Fully Meets
"Roehrich, Bianca",1111030266,MA,2703,1973-05-27 00:00:00,44,Female,Single,US Citizen,Yes,White,2015-01-05 00:00:00,2015-11-10 00:00:00,Another position,Voluntarily Terminated,IT/IS,Sr. DBA,58.5,Simon Roup,Vendor Referral,90-day meets
"Daniele, Ann",1411071312,CT,6033,1952-01-18 00:00:00,66,Female,Married,US Citizen,No,White,2014-11-10 00:00:00,,N/A - still employed,Leave of Absence,IT/IS,Sr. Network Engineer,54.1,Peter Monroe,Vendor Referral,Fully Meets
"Lajiri,  Jyoti",1108028108,MA,2169,1986-04-23 00:00:00,31,Male,Married,US Citizen,No,White,2014-11-10 00:00:00,,N/A - still employed,Leave of Absence,IT/IS,Sr. Network Engineer,56.2,Peter Monroe,Employee Referral,Fully Meets
"Semizoglou, Jeremiah",904013591,MA,1545,1983-02-09 00:00:00,34,Male,Married,US Citizen,No,Asian,2016-06-30 00:00:00,,N/A - Has not started yet,Future Start,IT/IS,Sr. Network Engineer,53.8,Peter Monroe,On-campus Recruiting,N/A- too early to review
"South, Joe",1308060959,CT,6278,1965-09-09 00:00:00,52,Male,Single,US Citizen,No,White,2014-11-10 00:00:00,,N/A - still employed,Active,IT/IS,Sr. Network Engineer,53.0,Peter Monroe,Employee Referral,90-day meets
"Warfield, Sarah",1301052347,MA,2453,1978-05-02 00:00:00,39,Female,widowed,US Citizen,No,Asian,2015-03-30 00:00:00,,N/A - still employed,Active,IT/IS,Sr. Network Engineer,55.2,Peter Monroe,Employee Referral,N/A- too early to review
"Bramante, Elisa",1006020066,MA,2030,1983-03-19 00:00:00,34,Female,Single,US Citizen,No,Black or African American,2009-01-05 00:00:00,,N/A - still employed,Active,Production,Director of Operations,60.0,Janet King,Other,Exceeds
"Albert, Michael",1501072311,MA,2169,1968-10-10 00:00:00,49,Male,Divorced,US Citizen,No,White,2011-08-01 00:00:00,,N/A - still employed,Active,Production,Production Manager,54.5,Janet King,Employee Referral,Fully Meets
"Bozzi, Charles",1303054580,MA,1901,1970-03-10 00:00:00,47,Male,Single,US Citizen,No,Asian,2013-09-30 00:00:00,2014-08-07 00:00:00,retiring,Voluntarily Terminated,Production,Production Manager,50.5,Janet King,Billboard,Fully Meets
"Butler, Webster  L",1110029990,MA,2169,1983-08-09 00:00:00,34,Male,Single,US Citizen,No,White,2016-01-28 00:00:00,,N/A - still employed,Active,Production,Production Manager,55.0,Janet King,Pay Per Click - Google,Exceeds
"Dunn, Amy",1409070147,MA,1731,1973-11-28 00:00:00,44,Female,Single,US Citizen,No,White,2014-09-18 00:00:00,,N/A - still employed,Active,Production,Production Manager,51.0,Janet King,Search Engine - Google Bing Yahoo,Fully Meets
"Gray, Elijiah",1307060077,MA,1752,1981-07-11 00:00:00,36,Male,Divorced,US Citizen,No,White,2015-06-02 00:00:00,,N/A - still employed,Active,Production,Production Manager,54.0,Janet King,Employee Referral,Fully Meets
"Hogland, Jonathan",1001944783,MA,1890,1972-07-01 00:00:00,45,Male,Married,US Citizen,No,White,2011-01-10 00:00:00,2015-12-12 00:00:00,attendance,Terminated for Cause,Production,Production Manager,48.5,Janet King,Employee Referral,Fully Meets
"Immediato, Walter",1403065874,MA,2128,1976-11-15 00:00:00,41,Male,Married,US Citizen,No,Asian,2011-02-21 00:00:00,2012-09-24 00:00:00,unhappy,Voluntarily Terminated,Production,Production Manager,42.0,Janet King,Other,Needs Improvement
"Liebig, Ketsia",1103024679,MA,2110,1981-10-26 00:00:00,36,Female,Married,US Citizen,No,White,2013-09-30 00:00:00,,N/A - still employed,Active,Production,Production Manager,55.0,Janet King,Website Banner Ads,Exceeds
"Miller, Brannon",1107027351,MA,2045,1981-08-10 00:00:00,36,Male,Single,US Citizen,yes,Hispanic,2012-08-16 00:00:00,,N/A - still employed,Active,Production,Production Manager,53.0,Janet King,Internet Search,Fully Meets
"Peterson, Ebonee",1402065355,MA,2030,1977-05-09 00:00:00,40,Female,Married,US Citizen,No,White,2010-10-25 00:00:00,2016-05-18 00:00:00,Another position,Voluntarily Terminated,Production,Production Manager,38.5,Janet King,Internet Search,Fully Meets
"Spirea, Kelley",1102024149,MA,2451,1975-09-30 00:00:00,42,Female,Married,US Citizen,No,White,2012-10-02 00:00:00,,N/A - still employed,Active,Production,Production Manager,52.0,Janet King,Vendor Referral,Fully Meets
"Stanley, David",1000974650,MA,1803,1975-12-17 00:00:00,42,Male,Divorced,US Citizen,No,White,2010-07-20 00:00:00,,N/A - still employed,Active,Production,Production Manager,53.0,Janet King,Monster.com,Needs Improvement
"Sullivan, Kissy",1405067298,MA,1776,1978-03-28 00:00:00,39,Female,Married,US Citizen,No,Black or African American,2009-01-08 00:00:00,,N/A - still employed,Active,Production,Production Manager,55.0,Janet King,Billboard,Fully Meets
"Wallace, Courtney  E",1410071026,MA,2478,1955-11-14 00:00:00,62,Female,Married,US Citizen,No,Black or African American,2011-09-26 00:00:00,2012-01-02 00:00:00,Another position,Voluntarily Terminated,Production,Production Manager,33.5,Janet King,Diversity Job Fair,Fully Meets
"Adinolfi, Wilson  K",1409070522,MA,1960,1983-07-10 00:00:00,34,Male,Single,US Citizen,No,White,2011-07-05 00:00:00,,N/A - still employed,Active,Production,Production Technician I,20.0,Michael Albert,MBTA ads,Exceeds
"Alagbe,Trina",1011022883,MA,1886,1988-09-27 00:00:00,29,Female,Married,US Citizen,No,White,2008-01-07 00:00:00,,N/A - still employed,Active,Production,Production Technician I,21.0,Elijiah Gray,Billboard,Fully Meets
"Anderson, Carol",1001417624,MA,2169,1989-09-08 00:00:00,28,Female,Divorced,US Citizen,No,White,2011-07-11 00:00:00,2011-09-06 00:00:00,return to school,Voluntarily Terminated,Production,Production Technician I,16.0,Webster Butler,Word of Mouth,N/A- too early to review
"Anderson, Linda",1304055947,MA,1844,1977-05-22 00:00:00,40,Female,Single,US Citizen,No,White,2012-01-09 00:00:00,,N/A - still employed,Active,Production,Production Technician I,23.0,Amy Dunn,MBTA ads,Exceptional
"Athwal, Sam",1301052124,MA,2199,1983-02-18 00:00:00,34,Male,widowed,US Citizen,No,White,2013-09-30 00:00:00,,N/A - still employed,Active,Production,Production Technician I,22.0,Ketsia Liebig,Employee Referral,N/A- too early to review
"Bachiochi, Linda",1212051409,MA,1902,1970-02-11 00:00:00,47,Female,Single,US Citizen,No,Two or more races,2009-07-06 00:00:00,,N/A - still employed,Leave of Absence,Production,Production Technician I,22.0,Brannon Miller,Diversity Job Fair,Fully Meets
"Baczenski, Rachael",1307060083,MA,1902,1974-01-12 00:00:00,44,Female,Married,US Citizen,Yes,Hispanic,2011-01-10 00:00:00,2011-01-12 00:00:00,Another position,Voluntarily Terminated,Production,Production Technician I,17.0,David Stanley,Diversity Job Fair,N/A- too early to review
"Barbara, Thomas",1312063507,MA,2062,1974-02-21 00:00:00,43,Male,Married,US Citizen,Yes,Asian,2012-04-02 00:00:00,2012-09-19 00:00:00,unhappy,Voluntarily Terminated,Production,Production Technician I,22.0,Kissy Sullivan,Diversity Job Fair,90-day meets
"Barone, Francesco  A",1101023679,MA,1810,1983-07-20 00:00:00,34,Male,Single,US Citizen,No,Two or more races,2012-02-20 00:00:00,,N/A - still employed,Active,Production,Production Technician I,16.76,Kelley Spirea,Social Networks - Facebook Twitter etc,Fully Meets
"Barton, Nader",1212051962,MA,2747,1977-07-15 00:00:00,40,Male,Divorced,US Citizen,No,White,2012-09-24 00:00:00,2013-04-06 00:00:00,Another position,Voluntarily Terminated,Production,Production Technician I,18.0,Michael Albert,On-line Web application,Fully Meets
"Beatrice, Courtney",1403066194,MA,1915,1970-10-27 00:00:00,47,Female,Single,Eligible NonCitizen,No,White,2011-04-04 00:00:00,,N/A - still employed,Active,Production,Production Technician I,22.0,Elijiah Gray,Search Engine - Google Bing Yahoo,Fully Meets
"Becker, Scott",1110029777,MA,2452,1979-04-06 00:00:00,38,Male,Single,US Citizen,No,Asian,2013-07-08 00:00:00,,N/A - still employed,Leave of Absence,Production,Production Technician I,17.0,Webster Butler,MBTA ads,Fully Meets
"Bernstein, Sean",1109029366,MA,2072,1970-12-22 00:00:00,47,Male,Single,US Citizen,Yes,White,2012-04-02 00:00:00,,N/A - still employed,Active,Production,Production Technician I,16.0,Amy Dunn,Word of Mouth,Fully Meets
"Biden, Lowan  M",1412071844,MA,2027,1958-12-27 00:00:00,59,Female,Divorced,US Citizen,No,Asian,2013-08-19 00:00:00,,N/A - still employed,Active,Production,Production Technician I,22.0,Ketsia Liebig,Billboard,Fully Meets
"Billis, Helen",1308060366,MA,2031,1989-09-01 00:00:00,28,Female,Married,US Citizen,No,White,2014-07-07 00:00:00,,N/A - still employed,Active,Production,Production Technician I,16.0,Brannon Miller,Professional Society,Exceeds
"Brill, Donna",1406068293,MA,1701,1990-08-24 00:00:00,27,Female,Married,US Citizen,No,White,2012-04-02 00:00:00,2013-06-15 00:00:00,Another position,Voluntarily Terminated,Production,Production Technician I,20.0,David Stanley,Search Engine - Google Bing Yahoo,Fully Meets
"Bugali, Josephine",1408069635,MA,2043,1969-10-30 00:00:00,48,Female,Separated,US Citizen,No,Black or African American,2013-11-11 00:00:00,,N/A - still employed,Leave of Absence,Production,Production Technician I,20.0,Kissy Sullivan,Diversity Job Fair,Fully Meets
"Carey, Michael",1311063114,MA,1701,1983-02-02 00:00:00,34,Male,widowed,US Citizen,No,Black or African American,2014-03-31 00:00:00,,N/A - still employed,Active,Production,Production Technician I,20.0,Kelley Spirea,MBTA ads,Fully Meets
"Chace, Beatrice",1208048062,MA,2763,1951-01-02 00:00:00,67,Female,Single,US Citizen,No,White,2014-09-29 00:00:00,,N/A - still employed,Active,Production,Production Technician I,16.0,Michael Albert,Search Engine - Google Bing Yahoo,Fully Meets
"Chan, Lin",1305057282,MA,2170,1979-02-12 00:00:00,38,Female,Single,US Citizen,No,White,2014-05-12 00:00:00,,N/A - still employed,Active,Production,Production Technician I,19.5,Elijiah Gray,Internet Search,Fully Meets
"Chang, Donovan  E",1111030129,MA,1845,1983-08-24 00:00:00,34,Male,Single,US Citizen,No,White,2013-07-08 00:00:00,,N/A - still employed,Active,Production,Production Technician I,22.0,Webster Butler,Newspager/Magazine,Fully Meets
"Chivukula, Enola",1101023394,MA,1775,1983-08-27 00:00:00,34,Female,Single,US Citizen,No,White,2011-06-27 00:00:00,2015-11-15 00:00:00,relocation out of area,Voluntarily Terminated,Production,Production Technician I,21.0,Amy Dunn,Other,90-day meets
"Cierpiszewski, Caroline",1012023295,MA,2044,1988-05-31 00:00:00,29,Female,Single,Non-Citizen,No,Black or African American,2011-10-03 00:00:00,,N/A - still employed,Active,Production,Production Technician I,22.0,Ketsia Liebig,Pay Per Click - Google,Fully Meets
"Clukey, Elijian",1407069280,MA,2134,1980-08-26 00:00:00,37,Male,Married,US Citizen,No,White,2016-07-06 00:00:00,,N/A - Has not started yet,Future Start,Production,Production Technician I,24.75,Brannon Miller,Employee Referral,Exceeds
"Cockel, James",1599991009,MA,2452,1977-09-08 00:00:00,40,Male,Single,US Citizen,No,White,2013-07-08 00:00:00,,N/A - still employed,Active,Production,Production Technician I,15.0,David Stanley,Employee Referral,Fully Meets
"Cole, Spencer",1001450968,MA,1880,1979-08-12 00:00:00,38,Male,Single,US Citizen,No,Black or African American,2011-07-11 00:00:00,2012-09-23 00:00:00,performance,Terminated for Cause,Production,Production Technician I,15.0,Kissy Sullivan,MBTA ads,Needs Improvement
"Cornett, Lisa",1403066069,MA,2189,1977-03-31 00:00:00,40,Female,Married,US Citizen,Yes,White,2015-01-05 00:00:00,,N/A - still employed,Active,Production,Production Technician I,15.75,Kelley Spirea,Billboard,90-day meets
"Crimmings,   Jean",1311063172,MA,1821,1987-04-10 00:00:00,30,Female,Single,US Citizen,No,White,2016-07-06 00:00:00,,N/A - Has not started yet,Future Start,Production,Production Technician I,19.75,Michael Albert,Newspager/Magazine,N/A- too early to review
"Darson, Jene'ya",1001109612,MA,2110,1978-11-05 00:00:00,39,Female,Married,US Citizen,No,White,2012-07-02 00:00:00,,N/A - still employed,Active,Production,Production Technician I,15.0,Elijiah Gray,Billboard,Fully Meets
"DeGweck,  James",1306058816,MA,1810,1977-10-31 00:00:00,40,Male,Married,US Citizen,No,White,2011-05-16 00:00:00,2015-06-08 00:00:00,unhappy,Voluntarily Terminated,Production,Production Technician I,23.5,Webster Butler,Billboard,Fully Meets
"Desimone, Carl",1501072124,MA,2061,1967-04-19 00:00:00,50,Male,Married,US Citizen,No,White,2014-07-07 00:00:00,,N/A - still employed,Active,Production,Production Technician I,20.0,Amy Dunn,Professional Society,PIP
"Dickinson, Geoff",706006285,MA,2180,1982-11-15 00:00:00,35,Male,Single,US Citizen,No,White,2014-05-12 00:00:00,,N/A - still employed,Active,Production,Production Technician I,21.0,Ketsia Liebig,Pay Per Click - Google,Fully Meets
"DiNocco, Lily",1209048696,MA,2351,1978-12-02 00:00:00,39,Female,Married,US Citizen,No,Black or African American,2013-01-07 00:00:00,,N/A - still employed,Active,Production,Production Technician I,22.0,Brannon Miller,Pay Per Click - Google,Needs Improvement
"Dobrin, Denisa  S",1202031618,MA,2125,1986-10-07 00:00:00,31,Female,Single,US Citizen,Yes,White,2012-04-02 00:00:00,,N/A - still employed,Active,Production,Production Technician I,16.75,David Stanley,Monster.com,Fully Meets
"Eaton, Marianne",1406067865,MA,2343,1991-09-05 00:00:00,26,Female,Married,US Citizen,No,White,2011-04-04 00:00:00,2013-06-06 00:00:00,military,Voluntarily Terminated,Production,Production Technician I,17.0,Kissy Sullivan,Search Engine - Google Bing Yahoo,Fully Meets
"Engdahl, Jean",1007020403,MA,2026,1974-05-31 00:00:00,43,Male,Single,US Citizen,No,White,2014-11-10 00:00:00,,N/A - still employed,Active,Production,Production Technician I,21.25,Kelley Spirea,MBTA ads,Fully Meets
"England, Rex",1101023612,MA,2045,1978-08-25 00:00:00,39,Male,Married,US Citizen,No,White,2014-03-31 00:00:00,,N/A - still employed,Active,Production,Production Technician I,21.0,Kelley Spirea,Employee Referral,90-day meets
"Estremera, Miguel",1104025243,MA,2129,1983-09-02 00:00:00,34,Male,Single,US Citizen,No,White,2012-04-02 00:00:00,2014-09-27 00:00:00,attendance,Terminated for Cause,Production,Production Technician I,17.0,Michael Albert,Word of Mouth,Needs Improvement
"Evensen, April",1107027392,MA,2458,1989-05-06 00:00:00,28,Female,Single,US Citizen,No,White,2014-02-17 00:00:00,2014-02-25 00:00:00,"no-call, no-show",Terminated for Cause,Production,Production Technician I,18.0,Elijiah Gray,Word of Mouth,N/A- too early to review
"Ferguson, Susan",1502072511,MA,2176,1955-04-14 00:00:00,62,Female,Married,US Citizen,No,White,2011-11-07 00:00:00,2014-05-17 00:00:00,military,Voluntarily Terminated,Production,Production Technician I,20.0,Webster Butler,Search Engine - Google Bing Yahoo,Fully Meets
"Fernandes, Nilson",1302053339,MA,2132,1989-10-18 00:00:00,28,Male,Married,US Citizen,No,White,2015-05-11 00:00:00,,N/A - still employed,Active,Production,Production Technician I,18.0,Amy Dunn,Professional Society,N/A- too early to review
"Ferreira, Violeta",803009012,MA,2176,1986-06-10 00:00:00,31,Female,Single,US Citizen,No,White,2012-02-20 00:00:00,,N/A - still employed,Active,Production,Production Technician I,23.0,Ketsia Liebig,Newspager/Magazine,Fully Meets
"Fidelia,  Libby",1006020020,MA,2155,1981-03-16 00:00:00,36,Female,Married,US Citizen,No,White,2012-01-09 00:00:00,,N/A - still employed,Active,Production,Production Technician I,24.0,Brannon Miller,Social Networks - Facebook Twitter etc,Fully Meets
"Garcia, Raul",1309061015,MA,1905,1985-09-15 00:00:00,32,Male,Single,US Citizen,Yes,White,2015-03-30 00:00:00,,N/A - still employed,Active,Production,Production Technician I,19.0,David Stanley,Employee Referral,N/A- too early to review
"Garneau, Hamish",1104025414,MA,1550,1980-04-18 00:00:00,37,Male,Single,US Citizen,No,Asian,2013-07-08 00:00:00,,N/A - still employed,Active,Production,Production Technician I,18.0,Kissy Sullivan,Professional Society,Fully Meets
"Gaul, Barbara",1105026041,MA,2121,1983-12-02 00:00:00,34,Female,widowed,US Citizen,Yes,Black or African American,2011-05-16 00:00:00,,N/A - still employed,Active,Production,Production Technician I,24.0,Kelley Spirea,MBTA ads,Fully Meets
"Gentry, Mildred",1501072192,MA,2145,1990-10-01 00:00:00,27,Female,Married,US Citizen,No,Black or African American,2015-03-30 00:00:00,,N/A - still employed,Active,Production,Production Technician I,19.0,Michael Albert,Professional Society,N/A- too early to review
"Gerke, Melisa",1308060622,MA,2330,1970-05-15 00:00:00,47,Female,Divorced,US Citizen,No,White,2011-11-07 00:00:00,2011-11-15 00:00:00,hours,Voluntarily Terminated,Production,Production Technician I,22.0,Elijiah Gray,Diversity Job Fair,N/A- too early to review
"Gilles, Alex",1008020960,MA,2062,1974-08-09 00:00:00,43,Male,Married,US Citizen,No,Black or African American,2012-04-02 00:00:00,2015-06-25 00:00:00,military,Voluntarily Terminated,Production,Production Technician I,15.0,Webster Butler,Diversity Job Fair,Needs Improvement
"Girifalco, Evelyn",1204032927,MA,2451,1980-05-08 00:00:00,37,Female,Single,US Citizen,Yes,Two or more races,2014-09-29 00:00:00,,N/A - still employed,Active,Production,Production Technician I,16.0,Amy Dunn,Professional Society,Exceeds
"Gold, Shenice",1408069539,MA,2451,1992-06-18 00:00:00,25,Female,Single,US Citizen,Yes,White,2013-11-11 00:00:00,,N/A - still employed,Active,Production,Production Technician I,17.0,Ketsia Liebig,Glassdoor,Fully Meets
"Gonzalez, Cayo",1411071212,MA,2108,1969-09-29 00:00:00,48,Male,Divorced,US Citizen,No,American Indian or Alaska Native,2011-07-11 00:00:00,,N/A - still employed,Active,Production,Production Technician I,16.0,Brannon Miller,Diversity Job Fair,Exceeds
"Gordon, David",1106026579,MA,2169,1979-05-21 00:00:00,38,Male,Married,US Citizen,No,White,2012-07-02 00:00:00,,N/A - still employed,Active,Production,Production Technician I,15.0,David Stanley,MBTA ads,Fully Meets
"Goyal, Roxana",1312063675,MA,1864,1974-10-09 00:00:00,43,Female,Married,US Citizen,No,Asian,2013-08-19 00:00:00,,N/A - still employed,Leave of Absence,Production,Production Technician I,24.0,Kissy Sullivan,On-campus Recruiting,Fully Meets
"Gross, Paula",1103024859,MA,2176,1983-05-21 00:00:00,34,Female,Divorced,US Citizen,No,White,2011-02-21 00:00:00,2014-01-11 00:00:00,more money,Voluntarily Terminated,Production,Production Technician I,14.0,Kelley Spirea,Monster.com,Fully Meets
"Handschiegl, Joanne",1405067064,MA,2127,1977-03-23 00:00:00,40,Female,Married,US Citizen,No,White,2011-11-28 00:00:00,,N/A - still employed,Active,Production,Production Technician I,24.0,Michael Albert,Word of Mouth,Fully Meets
"Harrell, Ludwick",1406068241,MA,1776,1982-09-02 00:00:00,35,Male,Married,US Citizen,No,Asian,2012-05-14 00:00:00,,N/A - still employed,Active,Production,Production Technician I,21.0,Elijiah Gray,Search Engine - Google Bing Yahoo,Fully Meets
"Harrington, Christie",1110029602,MA,2324,1952-08-18 00:00:00,65,Female,Single,US Citizen,No,White,2012-01-09 00:00:00,2015-12-15 00:00:00,retiring,Voluntarily Terminated,Production,Production Technician I,19.75,Webster Butler,Monster.com,Fully Meets
"Harrison, Kara",1404066622,MA,1886,1974-05-02 00:00:00,43,Female,Married,US Citizen,No,White,2014-05-12 00:00:00,,N/A - still employed,Active,Production,Production Technician I,20.0,Amy Dunn,Monster.com,Exceeds
"Heitzman, Anthony",1002017900,MA,2149,1984-01-04 00:00:00,34,Male,Single,US Citizen,No,White,2012-08-13 00:00:00,,N/A - still employed,Active,Production,Production Technician I,19.0,Ketsia Liebig,Social Networks - Facebook Twitter etc,90-day meets
"Ivey, Rose",1408069882,MA,1775,1991-01-28 00:00:00,27,Female,Single,US Citizen,No,White,2013-08-19 00:00:00,,N/A - still employed,Active,Production,Production Technician I,16.0,Brannon Miller,Professional Society,Fully Meets
"Jackson, Maryellen",1201031438,MA,2081,1972-09-11 00:00:00,45,Female,Separated,US Citizen,No,White,2012-11-05 00:00:00,,N/A - still employed,Active,Production,Production Technician I,20.0,David Stanley,Newspager/Magazine,Fully Meets
"Jacobi, Hannah",1503072857,MA,1778,1966-03-22 00:00:00,51,Female,Divorced,US Citizen,No,White,2013-09-30 00:00:00,,N/A - still employed,Active,Production,Production Technician I,21.0,Kissy Sullivan,Employee Referral,Fully Meets
"Jhaveri, Sneha",1412071713,MA,2109,1964-04-13 00:00:00,53,Female,Separated,US Citizen,No,White,2014-01-06 00:00:00,,N/A - still employed,Active,Production,Production Technician I,19.0,Kelley Spirea,On-campus Recruiting,Fully Meets
"Johnson, George",1105025721,MA,2445,1959-08-19 00:00:00,58,Male,Married,US Citizen,No,White,2011-11-07 00:00:00,2016-04-29 00:00:00,more money,Voluntarily Terminated,Production,Production Technician I,17.0,Michael Albert,Monster.com,Exceeds
"Jung, Judy",1107027450,MA,2446,1986-04-17 00:00:00,31,Female,Married,US Citizen,No,White,2011-01-10 00:00:00,2016-04-01 00:00:00,unhappy,Voluntarily Terminated,Production,Production Technician I,21.0,Elijiah Gray,Monster.com,90-day meets
"Keatts, Kramer",1301052462,MA,1887,1976-01-19 00:00:00,42,Male,Single,US Citizen,No,White,2013-09-30 00:00:00,,N/A - still employed,Active,Production,Production Technician I,19.0,Michael Albert,Billboard,Fully Meets
"Kinsella, Kathleen",710007401,MA,2170,1973-12-08 00:00:00,44,Female,Married,US Citizen,No,White,2011-09-26 00:00:00,2015-06-04 00:00:00,more money,Voluntarily Terminated,Production,Production Technician I,22.0,Webster Butler,Search Engine - Google Bing Yahoo,90-day meets
"Kirill, Alexandra",903013071,MA,2127,1970-10-08 00:00:00,47,Female,Married,US Citizen,No,White,2011-09-26 00:00:00,2012-01-09 00:00:00,more money,Voluntarily Terminated,Production,Production Technician I,24.0,Amy Dunn,Search Engine - Google Bing Yahoo,Fully Meets
"Knapp, Bradley  J",1304055683,MA,1721,1977-11-10 00:00:00,40,Male,Single,US Citizen,No,Black or African American,2014-02-17 00:00:00,,N/A - still employed,Active,Production,Production Technician I,14.0,Ketsia Liebig,On-campus Recruiting,Fully Meets
"Kretschmer, John",1311062610,MA,1801,1980-02-02 00:00:00,37,Male,Married,US Citizen,No,Asian,2011-01-10 00:00:00,,N/A - still employed,Active,Production,Production Technician I,21.0,Brannon Miller,Pay Per Click - Google,Fully Meets
"Langton, Enrico",1304055987,MA,2048,1986-12-09 00:00:00,31,Male,Married,US Citizen,No,White,2012-07-09 00:00:00,,N/A - still employed,Active,Production,Production Technician I,17.0,David Stanley,Newspager/Magazine,Fully Meets
"Leach, Dallas",1408069409,MA,1810,1979-01-17 00:00:00,39,Female,Single,US Citizen,No,Asian,2011-09-26 00:00:00,2013-08-19 00:00:00,return to school,Voluntarily Terminated,Production,Production Technician I,19.0,Kissy Sullivan,Monster.com,Fully Meets
"LeBel, Jonathan  R",1107027575,MA,2050,1981-10-18 00:00:00,36,Male,Single,US Citizen,No,White,2011-02-21 00:00:00,2011-08-04 00:00:00,attendance,Terminated for Cause,Production,Production Technician I,15.0,Kelley Spirea,Social Networks - Facebook Twitter etc,90-day meets
"Linares, Marilyn",1206042315,MA,1886,1981-03-26 00:00:00,36,Female,Married,US Citizen,No,White,2011-07-05 00:00:00,2011-09-26 00:00:00,unhappy,Voluntarily Terminated,Production,Production Technician I,15.25,Michael Albert,Internet Search,N/A- too early to review
"Lydon, Allison",1101023353,MA,2122,1975-10-22 00:00:00,42,Female,Married,US Citizen,No,Black or African American,2015-02-16 00:00:00,,N/A - still employed,Leave of Absence,Production,Production Technician I,20.0,Elijiah Gray,Website Banner Ads,90-day meets
"Lynch, Lindsay",1001138521,MA,1844,1973-02-14 00:00:00,44,Female,Single,US Citizen,Yes,Two or more races,2011-11-07 00:00:00,2015-11-14 00:00:00,Another position,Voluntarily Terminated,Production,Production Technician I,19.0,Webster Butler,Diversity Job Fair,Exceeds
"MacLennan, Samuel",1201031032,MA,1938,1972-11-09 00:00:00,45,Male,widowed,US Citizen,No,White,2012-09-24 00:00:00,2012-09-26 00:00:00,hours,Voluntarily Terminated,Production,Production Technician I,15.0,Amy Dunn,Pay Per Click,N/A- too early to review
"Mahoney, Lauren",1209049259,MA,2189,1986-07-07 00:00:00,31,Female,Single,US Citizen,No,White,2014-01-06 00:00:00,,N/A - still employed,Active,Production,Production Technician I,17.0,Ketsia Liebig,Newspager/Magazine,Fully Meets
"Mangal, Debbie",1308060754,MA,2451,1974-11-07 00:00:00,43,Female,Married,US Citizen,No,White,2013-11-11 00:00:00,,N/A - still employed,Active,Production,Production Technician I,23.0,Brannon Miller,On-campus Recruiting,Fully Meets
"Maurice, Shana",1401064327,MA,2330,1977-11-22 00:00:00,40,Female,Married,US Citizen,No,White,2011-05-31 00:00:00,,N/A - still employed,Active,Production,Production Technician I,20.0,David Stanley,Other,90-day meets
"Mckenna, Sandy",909015167,MA,2184,1987-01-07 00:00:00,31,Female,Married,US Citizen,No,Black or African American,2013-01-07 00:00:00,,N/A - still employed,Active,Production,Production Technician I,24.0,Kissy Sullivan,Monster.com,Fully Meets
"Meads, Elizabeth",1409070245,MA,1760,1968-05-30 00:00:00,49,Female,Single,US Citizen,No,Black or African American,2012-04-02 00:00:00,2015-11-11 00:00:00,Another position,Voluntarily Terminated,Production,Production Technician I,14.0,Kelley Spirea,Diversity Job Fair,Fully Meets
"Medeiros, Jennifer",1109029256,MA,2346,1976-09-22 00:00:00,41,Female,Single,US Citizen,No,White,2015-03-30 00:00:00,,N/A - still employed,Active,Production,Production Technician I,20.0,Michael Albert,Monster.com,N/A- too early to review
"Motlagh,  Dawn",1102024121,MA,2453,1984-07-07 00:00:00,33,Female,Divorced,US Citizen,No,White,2013-04-01 00:00:00,,N/A - still employed,Active,Production,Production Technician I,15.0,Elijiah Gray,MBTA ads,Fully Meets
"Ndzi, Colombui",1204033041,MA,2110,1989-05-02 00:00:00,28,Male,Single,US Citizen,No,Black or African American,2011-09-26 00:00:00,2014-04-04 00:00:00,return to school,Voluntarily Terminated,Production,Production Technician I,18.0,Webster Butler,Diversity Job Fair,Fully Meets
"Ndzi, Horia",1204033041,MA,2421,1983-03-28 00:00:00,34,Male,Married,US Citizen,No,White,2013-04-01 00:00:00,2016-05-25 00:00:00,more money,Voluntarily Terminated,Production,Production Technician I,22.0,Amy Dunn,Employee Referral,Fully Meets
"Newman, Richard",1302053044,MA,2136,1977-04-08 00:00:00,40,Male,Married,US Citizen,No,White,2014-05-12 00:00:00,,N/A - still employed,Leave of Absence,Production,Production Technician I,21.0,Ketsia Liebig,On-campus Recruiting,Fully Meets
"Ngodup, Shari",1403066020,MA,1810,1967-06-03 00:00:00,50,Female,Separated,US Citizen,No,Asian,2013-04-01 00:00:00,,N/A - still employed,Active,Production,Production Technician I,15.0,Brannon Miller,Diversity Job Fair,Exceeds
"Nguyen, Lei-Ming",1203032357,MA,2132,1984-07-07 00:00:00,33,Female,Single,US Citizen,No,White,2013-07-08 00:00:00,,N/A - still employed,Active,Production,Production Technician I,19.0,David Stanley,Vendor Referral,Fully Meets
"O'hare, Lynn",1206044851,MA,2152,1980-09-30 00:00:00,37,Female,widowed,US Citizen,No,Two or more races,2014-03-31 00:00:00,2016-05-01 00:00:00,performance,Terminated for Cause,Production,Production Technician I,18.5,Kissy Sullivan,Professional Society,PIP
"Osturnka, Adeel",1404066949,MA,2478,1976-12-11 00:00:00,41,Male,Married,US Citizen,No,White,2013-09-30 00:00:00,,N/A - still employed,Active,Production,Production Technician I,16.0,Kelley Spirea,On-campus Recruiting,Exceeds
"Owad, Clinton",1103024335,MA,1760,1979-11-24 00:00:00,38,Male,Single,US Citizen,No,Black or African American,2014-02-17 00:00:00,,N/A - still employed,Active,Production,Production Technician I,22.0,Michael Albert,MBTA ads,Needs Improvement
"Panjwani, Nina",1109029531,MA,2351,1979-05-01 00:00:00,38,Female,Married,US Citizen,No,White,2011-02-07 00:00:00,2014-01-12 00:00:00,Another position,Voluntarily Terminated,Production,Production Technician I,18.0,Elijiah Gray,Social Networks - Facebook Twitter etc,Fully Meets
"Pelech, Emil",1307060058,MA,2458,1988-03-17 00:00:00,29,Male,Single,US Citizen,No,Black or African American,2011-01-10 00:00:00,2012-12-28 00:00:00,career change,Voluntarily Terminated,Production,Production Technician I,24.0,Webster Butler,Search Engine - Google Bing Yahoo,Needs Improvement
"Perry, Shakira",1109029186,MA,2176,1986-07-20 00:00:00,31,Female,Single,US Citizen,No,White,2011-05-16 00:00:00,2015-10-25 00:00:00,medical issues,Voluntarily Terminated,Production,Production Technician I,22.0,Amy Dunn,MBTA ads,Fully Meets
"Peterson, Kayla",1307059944,MA,1749,1973-09-23 00:00:00,44,Female,Married,US Citizen,No,White,2010-04-26 00:00:00,,N/A - still employed,Active,Production,Production Technician I,17.0,Ketsia Liebig,Search Engine - Google Bing Yahoo,Fully Meets
"Pham, Hong",1305057440,MA,2451,1988-03-06 00:00:00,29,Male,Married,US Citizen,No,White,2011-07-05 00:00:00,2012-11-30 00:00:00,more money,Voluntarily Terminated,Production,Production Technician I,18.0,Brannon Miller,Search Engine - Google Bing Yahoo,Fully Meets
"Pitt, Brad",1001735072,MA,2451,1981-11-23 00:00:00,36,Male,Single,US Citizen,No,Black or African American,2007-11-05 00:00:00,,N/A - still employed,Active,Production,Production Technician I,17.0,David Stanley,Search Engine - Google Bing Yahoo,Fully Meets
"Power, Morissa",1102024274,MA,1742,1984-10-15 00:00:00,33,Female,Divorced,Eligible NonCitizen,No,Asian,2011-05-16 00:00:00,2011-06-04 00:00:00,Another position,Voluntarily Terminated,Production,Production Technician I,19.0,Kissy Sullivan,Social Networks - Facebook Twitter etc,N/A- too early to review
"Punjabhi, Louis",1401064562,MA,2109,1961-06-19 00:00:00,56,Male,Single,US Citizen,No,White,2014-01-06 00:00:00,,N/A - still employed,Active,Production,Production Technician I,16.0,Kelley Spirea,Employee Referral,Fully Meets
"Purinton, Janine",1011022926,MA,2474,1970-09-22 00:00:00,47,Female,Divorced,US Citizen,No,White,2012-09-24 00:00:00,2013-06-18 00:00:00,unhappy,Voluntarily Terminated,Production,Production Technician I,16.0,Kissy Sullivan,Billboard,Fully Meets
"Rarrick, Quinn",1208048229,MA,2478,1984-12-31 00:00:00,33,Male,Divorced,US Citizen,No,White,2011-09-26 00:00:00,2012-04-07 00:00:00,more money,Voluntarily Terminated,Production,Production Technician I,21.0,Michael Albert,Pay Per Click - Google,Fully Meets
"Rhoads, Thomas",1211050793,MA,2176,1982-07-22 00:00:00,35,Male,Divorced,US Citizen,Yes,White,2011-05-16 00:00:00,2016-01-15 00:00:00,retiring,Voluntarily Terminated,Production,Production Technician I,20.0,Elijiah Gray,Professional Society,Fully Meets
"Rivera, Haley",1405067642,MA,2171,1973-01-12 00:00:00,45,Female,Married,US Citizen,No,Asian,2011-11-28 00:00:00,,N/A - still employed,Active,Production,Production Technician I,22.0,Webster Butler,Search Engine - Google Bing Yahoo,Exceeds
"Robinson, Alain",1206038000,MA,1420,1974-01-07 00:00:00,44,Male,Married,US Citizen,No,Black or African American,2011-01-10 00:00:00,2016-01-26 00:00:00,attendance,Voluntarily Terminated,Production,Production Technician I,24.0,Amy Dunn,Glassdoor,Fully Meets
"Robinson, Cherly",1403065625,MA,1460,1985-01-07 00:00:00,33,Female,Married,US Citizen,No,White,2011-01-10 00:00:00,2016-05-17 00:00:00,attendance,Terminated for Cause,Production,Production Technician I,16.0,Ketsia Liebig,Glassdoor,Needs Improvement
"Robinson, Elias",1011022887,MA,1730,1985-01-28 00:00:00,33,Male,widowed,US Citizen,No,White,2013-07-08 00:00:00,,N/A - still employed,Active,Production,Production Technician I,17.0,Brannon Miller,Employee Referral,Exceptional
"Rose, Ashley",710007555,MA,1886,1974-12-05 00:00:00,43,Female,Separated,US Citizen,No,White,2014-01-06 00:00:00,,N/A - still employed,Active,Production,Production Technician I,17.0,David Stanley,Website Banner Ads,Fully Meets
"Rossetti, Bruno",1405067492,MA,2155,1987-03-18 00:00:00,30,Male,Single,US Citizen,No,White,2011-04-04 00:00:00,2012-08-13 00:00:00,Another position,Voluntarily Terminated,Production,Production Technician I,18.0,Kissy Sullivan,Search Engine - Google Bing Yahoo,Fully Meets
"Saar-Beckles, Melinda",1410070998,MA,1801,1968-06-06 00:00:00,49,Female,Single,US Citizen,No,Black or African American,2016-07-04 00:00:00,,N/A - Has not started yet,Future Start,Production,Production Technician I,20.0,Kelley Spirea,Diversity Job Fair,N/A- too early to review
"Sadki, Nore",1308060535,MA,2148,1974-12-21 00:00:00,43,Male,Single,US Citizen,No,White,2009-01-05 00:00:00,2010-07-30 00:00:00,relocation out of area,Voluntarily Terminated,Production,Production Technician I,21.0,Michael Albert,Word of Mouth,Fully Meets
"Sander, Kamrin",1302053362,MA,2154,1988-07-10 00:00:00,29,Female,Married,US Citizen,No,Black or African American,2014-09-29 00:00:00,,N/A - still employed,Active,Production,Production Technician I,21.0,Elijiah Gray,On-campus Recruiting,Fully Meets
"Sewkumar, Nori",807010161,MA,2191,1975-03-10 00:00:00,42,Female,Single,US Citizen,No,Asian,2013-09-30 00:00:00,,N/A - still employed,Leave of Absence,Production,Production Technician I,15.2,Webster Butler,Search Engine - Google Bing Yahoo,Fully Meets
"Shields, Seffi",1205033102,MA,2149,1985-08-24 00:00:00,32,Female,Married,US Citizen,No,White,2013-08-19 00:00:00,,N/A - still employed,Active,Production,Production Technician I,15.0,Amy Dunn,Newspager/Magazine,Fully Meets
"Smith, Sade",1501071909,MA,2130,1965-02-02 00:00:00,53,Female,Single,US Citizen,No,White,2013-11-11 00:00:00,,N/A - still employed,Active,Production,Production Technician I,24.5,Ketsia Liebig,Employee Referral,Fully Meets
"Sparks, Taylor",1410071137,MA,2093,1968-07-20 00:00:00,49,Female,Married,US Citizen,No,White,2012-02-20 00:00:00,,N/A - still employed,Active,Production,Production Technician I,16.0,Brannon Miller,Billboard,PIP
"Squatrito, Kristen",1405067138,MA,2359,1973-03-26 00:00:00,44,Female,Divorced,US Citizen,No,White,2013-05-13 00:00:00,2015-06-29 00:00:00,unhappy,Voluntarily Terminated,Production,Production Technician I,21.0,David Stanley,MBTA ads,Exceeds
"Stanford,Barbara  M",1111030244,MA,2050,1982-08-25 00:00:00,35,Female,Divorced,US Citizen,No,Two or more races,2011-01-10 00:00:00,,N/A - still employed,Active,Production,Production Technician I,14.0,Kissy Sullivan,Word of Mouth,Fully Meets
"Stoica, Rick",1106026896,MA,2301,1985-03-14 00:00:00,32,Male,Married,US Citizen,No,Asian,2014-02-17 00:00:00,,N/A - still employed,Active,Production,Production Technician I,22.0,Kelley Spirea,On-campus Recruiting,Fully Meets
"Sullivan, Timothy",1201031310,MA,2747,1982-10-07 00:00:00,35,Male,Married,US Citizen,Yes,White,2015-01-05 00:00:00,,N/A - still employed,Active,Production,Production Technician I,19.0,Michael Albert,Word of Mouth,90-day meets
"Sutwell, Barbara",1407069061,MA,2718,1968-08-15 00:00:00,49,Female,Single,Eligible NonCitizen,No,Asian,2012-05-14 00:00:00,,N/A - still employed,Active,Production,Production Technician I,14.0,Elijiah Gray,Glassdoor,Fully Meets
"Tavares, Desiree",1405067501,MA,1801,1975-04-03 00:00:00,42,Female,Married,Non-Citizen,No,Two or more races,2009-04-27 00:00:00,2013-04-01 00:00:00,Another position,Voluntarily Terminated,Production,Production Technician I,15.0,Webster Butler,Diversity Job Fair,Fully Meets
"Theamstern, Sophia",1404066739,MA,2066,1965-05-09 00:00:00,52,Female,Single,US Citizen,No,White,2011-07-05 00:00:00,2011-09-05 00:00:00,return to school,Voluntarily Terminated,Production,Production Technician I,20.0,Amy Dunn,Billboard,N/A- too early to review
"Tinto, Theresa",1103024504,MA,1876,1983-07-30 00:00:00,34,Female,Divorced,US Citizen,No,White,2011-01-10 00:00:00,2011-05-14 00:00:00,Another position,Voluntarily Terminated,Production,Production Technician I,20.0,Ketsia Liebig,Social Networks - Facebook Twitter etc,90-day meets
"Tippett, Jeanette",1409070255,MA,2093,1967-06-05 00:00:00,50,Female,Divorced,US Citizen,No,Black or African American,2013-02-18 00:00:00,,N/A - still employed,Active,Production,Production Technician I,24.0,Brannon Miller,Billboard,Fully Meets
"Trang, Mei",1012023152,MA,2021,1983-05-16 00:00:00,34,Female,Single,US Citizen,No,White,2014-02-17 00:00:00,,N/A - still employed,Active,Production,Production Technician I,22.0,David Stanley,Professional Society,N/A- too early to review
"Veera, Abdellah",1203032235,MA,2171,1987-01-31 00:00:00,30,Male,Divorced,US Citizen,No,White,2012-08-13 00:00:00,2016-02-05 00:00:00,maternity leave - did not return,Voluntarily Terminated,Production,Production Technician I,19.0,Kissy Sullivan,Information Session,Exceeds
"Volk, Colleen",1011022814,MA,2747,1986-06-03 00:00:00,31,Female,Married,US Citizen,No,White,2011-09-26 00:00:00,2016-02-08 00:00:00,gross misconduct,Terminated for Cause,Production,Production Technician I,21.0,Kelley Spirea,Social Networks - Facebook Twitter etc,Exceeds
"Von Massenbach, Anna",1106026474,MA,2124,1985-04-06 00:00:00,32,Female,Single,US Citizen,No,White,2015-07-05 00:00:00,,N/A - Has not started yet,Future Start,Production,Production Technician I,20.0,Michael Albert,Newspager/Magazine,N/A- too early to review
"Wallace, Theresa",1101023619,MA,1887,1980-08-02 00:00:00,37,Female,Single,US Citizen,No,White,2012-08-13 00:00:00,2015-09-01 00:00:00,career change,Voluntarily Terminated,Production,Production Technician I,15.0,Elijiah Gray,Monster.com,Needs Improvement
"Whittier, Scott",1307060212,MA,2030,1987-05-24 00:00:00,30,Male,Single,US Citizen,Yes,White,2011-01-10 00:00:00,2011-05-15 00:00:00,hours,Voluntarily Terminated,Production,Production Technician I,23.0,Webster Butler,Newspager/Magazine,90-day meets
"Wilber, Barry",1101023839,MA,2324,1965-09-09 00:00:00,52,Male,Married,Eligible NonCitizen,No,White,2011-05-16 00:00:00,2015-09-07 00:00:00,unhappy,Voluntarily Terminated,Production,Production Technician I,21.0,Amy Dunn,Website Banner Ads,Fully Meets
"Williams, Jacquelyn",1308060671,MA,2109,1969-10-02 00:00:00,48,Female,Single,US Citizen,Yes,Two or more races,2012-01-09 00:00:00,2015-06-27 00:00:00,relocation out of area,Voluntarily Terminated,Production,Production Technician I,16.0,Ketsia Liebig,Diversity Job Fair,Fully Meets
"Ybarra, Catherine",1001268402,MA,2458,1982-05-04 00:00:00,35,Female,Single,US Citizen,No,Asian,2008-09-02 00:00:00,2015-09-29 00:00:00,Another position,Voluntarily Terminated,Production,Production Technician I,22.0,Brannon Miller,Search Engine - Google Bing Yahoo,PIP
"Zima, Colleen",1211051232,MA,1730,1978-08-17 00:00:00,39,Female,widowed,US Citizen,No,Asian,2014-09-29 00:00:00,,N/A - still employed,Active,Production,Production Technician I,15.0,David Stanley,On-campus Recruiting,Fully Meets
"Akinkuolie, Sarah",1005019209,MA,1810,1988-09-19 00:00:00,29,Female,Married,US Citizen,No,White,2011-07-05 00:00:00,2012-09-24 00:00:00,hours,Voluntarily Terminated,Production,Production Technician II,29.0,Kissy Sullivan,Newspager/Magazine,90-day meets
"Beak, Kimberly",1303054329,MA,2145,1966-04-17 00:00:00,51,Female,Married,US Citizen,No,White,2016-07-21 00:00:00,,N/A - Has not started yet,Future Start,Production,Production Technician II,27.0,Kelley Spirea,Employee Referral,Exceeds
"Blount, Dianna",1403066125,MA,2171,1990-09-21 00:00:00,27,Female,Single,US Citizen,No,White,2011-04-04 00:00:00,,N/A - still employed,Active,Production,Production Technician II,27.0,Michael Albert,Monster.com,Needs Improvement
"Bondwell, Betsy",1008021030,MA,2210,1967-01-16 00:00:00,51,Female,Single,US Citizen,No,White,2011-01-10 00:00:00,2014-04-04 00:00:00,career change,Voluntarily Terminated,Production,Production Technician II,26.0,Elijiah Gray,Search Engine - Google Bing Yahoo,90-day meets
"Buccheri, Joseph",1101023457,MA,1013,1983-07-28 00:00:00,34,Male,Single,US Citizen,No,White,2014-09-29 00:00:00,,N/A - still employed,Active,Production,Production Technician II,22.0,Webster Butler,Word of Mouth,Fully Meets
"Burke, Joelle",1011022820,MA,2148,1980-03-02 00:00:00,37,Female,Single,US Citizen,No,Black or African American,2012-03-05 00:00:00,,N/A - still employed,Active,Production,Production Technician II,25.0,Amy Dunn,Employee Referral,Fully Meets
"Burkett, Benjamin",1301052449,MA,1890,1977-08-19 00:00:00,40,Male,Married,US Citizen,No,White,2011-04-04 00:00:00,,N/A - still employed,Active,Production,Production Technician II,26.0,Ketsia Liebig,Careerbuilder,Fully Meets
"Cloninger, Jennifer",1012023226,MA,1752,1981-08-31 00:00:00,36,Female,Married,US Citizen,No,White,2011-05-16 00:00:00,2013-01-07 00:00:00,unhappy,Voluntarily Terminated,Production,Production Technician II,25.0,Brannon Miller,Word of Mouth,90-day meets
"Close, Phil",1209048697,MA,2169,1978-11-25 00:00:00,39,Male,Married,US Citizen,No,White,2010-08-30 00:00:00,2011-09-26 00:00:00,career change,Voluntarily Terminated,Production,Production Technician II,26.0,David Stanley,Other,Fully Meets
"Davis, Daniel",1201031274,MA,2458,1979-09-14 00:00:00,38,Male,Single,Eligible NonCitizen,No,Two or more races,2011-11-07 00:00:00,,N/A - still employed,Active,Production,Production Technician II,25.0,Kissy Sullivan,Newspager/Magazine,90-day meets
"Demita, Carla",1104025179,MA,2343,1951-02-25 00:00:00,66,Female,Separated,US Citizen,No,Black or African American,2011-04-04 00:00:00,2015-11-04 00:00:00,more money,Voluntarily Terminated,Production,Production Technician II,29.0,Kelley Spirea,Search Engine - Google Bing Yahoo,Fully Meets
"Erilus, Angela",1105025661,MA,2133,1989-08-25 00:00:00,28,Female,Separated,US Citizen,No,White,2014-07-07 00:00:00,,N/A - still employed,Active,Production,Production Technician II,24.0,Michael Albert,Pay Per Click - Google,PIP
"Faller, Megan",1108028428,MA,1824,1978-09-22 00:00:00,39,Female,Married,US Citizen,No,Black or African American,2014-07-07 00:00:00,,N/A - still employed,Active,Production,Production Technician II,27.0,Elijiah Gray,Professional Society,Fully Meets
"Fancett, Nicole",1402065085,MA,2324,1987-09-27 00:00:00,30,Female,Single,US Citizen,No,Black or African American,2014-02-17 00:00:00,,N/A - still employed,Active,Production,Production Technician II,24.0,Webster Butler,Newspager/Magazine,Fully Meets
"Fitzpatrick, Michael  J",1109029103,MA,2143,1981-10-01 00:00:00,36,Male,Single,US Citizen,Yes,White,2011-05-16 00:00:00,2013-06-24 00:00:00,hours,Voluntarily Terminated,Production,Production Technician II,29.0,Amy Dunn,Social Networks - Facebook Twitter etc,Fully Meets
"Foreman, Tanya",1012023204,MA,2170,1983-11-08 00:00:00,34,Female,Married,US Citizen,No,White,2011-04-04 00:00:00,2012-01-09 00:00:00,career change,Voluntarily Terminated,Production,Production Technician II,24.0,Ketsia Liebig,Word of Mouth,Fully Meets
"Gonzalez, Juan",1411071324,MA,2128,1964-10-12 00:00:00,53,Male,Married,US Citizen,No,Black or African American,2010-04-26 00:00:00,2011-05-30 00:00:00,career change,Voluntarily Terminated,Production,Production Technician II,29.0,Brannon Miller,Diversity Job Fair,PIP
"Good, Susan",1001549006,MA,1886,1986-05-25 00:00:00,31,Female,Married,US Citizen,No,White,2014-05-12 00:00:00,,N/A - still employed,Leave of Absence,Production,Production Technician II,24.25,David Stanley,Professional Society,Fully Meets
"Gosciminski, Phylicia",1108028351,MA,1824,1983-12-08 00:00:00,34,Female,Separated,US Citizen,No,American Indian or Alaska Native,2013-09-30 00:00:00,,N/A - still employed,Leave of Absence,Production,Production Technician II,27.0,Kissy Sullivan,Word of Mouth,Fully Meets
"Hankard, Earnest",1307059937,MA,2155,1988-08-10 00:00:00,29,Male,Single,US Citizen,Yes,White,2013-11-11 00:00:00,,N/A - still employed,Active,Production,Production Technician II,24.0,Kelley Spirea,Newspager/Magazine,Fully Meets
"Hendrickson, Trina",1011022932,MA,2021,1972-08-27 00:00:00,45,Female,Single,US Citizen,No,White,2011-01-10 00:00:00,2013-02-18 00:00:00,hours,Voluntarily Terminated,Production,Production Technician II,24.0,Kelley Spirea,Monster.com,Fully Meets
"Homberger, Adrienne  J",1207046956,MA,2445,1984-02-16 00:00:00,33,Female,Married,Non-Citizen,No,White,2011-08-15 00:00:00,2012-04-07 00:00:00,relocation out of area,Voluntarily Terminated,Production,Production Technician II,28.0,Michael Albert,Glassdoor,Fully Meets
"Hunts, Julissa",1106026433,MA,2021,1984-03-11 00:00:00,33,Female,Single,US Citizen,No,White,2016-06-06 00:00:00,,N/A - Has not started yet,Future Start,Production,Production Technician II,25.0,Elijiah Gray,Vendor Referral,N/A- too early to review
"Hutter, Rosalie",1103024924,MA,2351,1992-05-07 00:00:00,25,Female,Separated,US Citizen,No,White,2015-06-05 00:00:00,,N/A - Has not started yet,Future Start,Production,Production Technician II,28.0,Webster Butler,Other,N/A- too early to review
"Huynh, Ming",1306058509,MA,1742,1976-09-22 00:00:00,41,Female,Divorced,US Citizen,No,White,2011-02-21 00:00:00,2013-04-01 00:00:00,unhappy,Voluntarily Terminated,Production,Production Technician II,23.0,Amy Dunn,Search Engine - Google Bing Yahoo,Fully Meets
"Jeannite, Tayana",1008020942,MA,1821,1986-11-06 00:00:00,31,Female,Divorced,US Citizen,No,American Indian or Alaska Native,2011-07-05 00:00:00,,N/A - still employed,Active,Production,Production Technician II,22.5,Ketsia Liebig,MBTA ads,Exceeds
"Johnston, Yen",1306057810,MA,2128,1969-09-08 00:00:00,48,Female,Single,US Citizen,No,White,2014-07-07 00:00:00,,N/A - still employed,Active,Production,Production Technician II,25.0,Brannon Miller,Professional Society,Exceptional
"Langford, Lindsey",1010022030,MA,2090,1979-07-25 00:00:00,38,Female,Divorced,US Citizen,No,Asian,2013-01-07 00:00:00,2014-03-31 00:00:00,Another position,Voluntarily Terminated,Production,Production Technician II,22.0,David Stanley,Glassdoor,Fully Meets
"Latif, Mohammed",1104025486,MA,2126,1984-05-09 00:00:00,33,Male,Married,US Citizen,No,White,2012-04-02 00:00:00,2013-04-15 00:00:00,more money,Voluntarily Terminated,Production,Production Technician II,28.0,Kissy Sullivan,Word of Mouth,Fully Meets
"Linden, Mathew",1405067565,MA,1770,1979-03-19 00:00:00,38,Male,Married,US Citizen,No,White,2013-07-08 00:00:00,,N/A - still employed,Leave of Absence,Production,Production Technician II,22.0,Kelley Spirea,Information Session,Fully Meets
"Lundy, Susan",1305056276,MA,2122,1976-12-26 00:00:00,41,Female,widowed,US Citizen,No,White,2013-07-08 00:00:00,2013-09-15 00:00:00,more money,Voluntarily Terminated,Production,Production Technician II,24.0,Michael Albert,On-campus Recruiting,N/A- too early to review
"Lunquist, Lisa",1001504432,MA,2324,1982-03-28 00:00:00,35,Female,Single,US Citizen,No,Black or African American,2013-08-19 00:00:00,,N/A - still employed,Active,Production,Production Technician II,26.1,Elijiah Gray,Glassdoor,Exceeds
"Manchester, Robyn",1110029623,MA,2324,1976-08-25 00:00:00,41,Female,Married,US Citizen,No,White,2016-05-11 00:00:00,,N/A - Has not started yet,Future Start,Production,Production Technician II,23.0,Webster Butler,Vendor Referral,N/A- too early to review
"Mancuso, Karen",1304055986,MA,2176,1986-12-10 00:00:00,31,Female,Married,US Citizen,No,Two or more races,2011-07-05 00:00:00,2011-08-19 00:00:00,Another position,Voluntarily Terminated,Production,Production Technician II,23.0,Amy Dunn,Newspager/Magazine,N/A- too early to review
"McCarthy, Brigit",1406067957,MA,2149,1987-05-21 00:00:00,30,Female,Single,US Citizen,No,White,2015-03-30 00:00:00,,N/A - still employed,Active,Production,Production Technician II,26.0,Ketsia Liebig,Newspager/Magazine,N/A- too early to review
"Miller, Ned",1205033439,MA,2472,1985-06-29 00:00:00,32,Male,Single,US Citizen,No,White,2011-08-15 00:00:00,2014-09-04 00:00:00,unhappy,Voluntarily Terminated,Production,Production Technician II,25.0,Brannon Miller,MBTA ads,PIP
"Monkfish, Erasumus",1404066711,MA,1450,1992-08-17 00:00:00,25,Male,Married,US Citizen,No,White,2011-11-07 00:00:00,,N/A - still employed,Active,Production,Production Technician II,27.0,David Stanley,Professional Society,Fully Meets
"Monterro, Luisa",1001103149,MA,2126,1970-04-24 00:00:00,47,Female,Single,US Citizen,No,Black or African American,2013-05-13 00:00:00,,N/A - still employed,Active,Production,Production Technician II,25.0,Kissy Sullivan,Billboard,Exceptional
"Moran, Patrick",1408069503,MA,2127,1976-12-03 00:00:00,41,Male,Single,US Citizen,No,Hispanic,2012-01-09 00:00:00,,N/A - still employed,Leave of Absence,Production,Production Technician II,26.0,Kelley Spirea,Diversity Job Fair,Fully Meets
"Moumanil, Maliki",1301052436,MA,1460,1974-12-01 00:00:00,43,Male,Separated,US Citizen,No,Black or African American,2013-05-13 00:00:00,,N/A - still employed,Active,Production,Production Technician II,29.0,Michael Albert,On-campus Recruiting,Fully Meets
"Nowlan, Kristie",1104025435,MA,1040,1985-11-23 00:00:00,32,Female,Single,US Citizen,No,White,2014-11-10 00:00:00,,N/A - still employed,Active,Production,Production Technician II,26.39,Elijiah Gray,Glassdoor,Fully Meets
"Oliver, Brooke",1001856521,MA,2492,1952-02-11 00:00:00,65,Female,Married,US Citizen,No,Asian,2012-05-14 00:00:00,2013-08-19 00:00:00,unhappy,Voluntarily Terminated,Production,Production Technician II,25.0,Webster Butler,Newspager/Magazine,90-day meets
"Pelletier, Ermine",1202031821,MA,2472,1989-07-18 00:00:00,28,Female,Married,US Citizen,No,Asian,2011-07-05 00:00:00,2011-09-15 00:00:00,unhappy,Voluntarily Terminated,Production,Production Technician II,28.0,Amy Dunn,Monster.com,N/A- too early to review
"Peters, Lauren",1411071406,MA,1886,1986-08-17 00:00:00,31,Female,Married,US Citizen,No,White,2011-05-16 00:00:00,2012-02-04 00:00:00,more money,Voluntarily Terminated,Production,Production Technician II,29.0,Ketsia Liebig,Pay Per Click - Google,Exceeds
"Petingill, Shana",1103024843,MA,2050,1979-03-10 00:00:00,38,Female,Married,Eligible NonCitizen,No,Asian,2012-04-02 00:00:00,,N/A - still employed,Active,Production,Production Technician II,26.0,Brannon Miller,MBTA ads,Fully Meets
"Roberson, May",1402065340,MA,1902,1981-09-05 00:00:00,36,Female,Divorced,Eligible NonCitizen,No,White,2011-09-26 00:00:00,2011-10-22 00:00:00,return to school,Voluntarily Terminated,Production,Production Technician II,26.0,David Stanley,Search Engine - Google Bing Yahoo,N/A- too early to review
"Robertson, Peter",1499902991,MA,2138,1972-07-03 00:00:00,45,Male,Married,US Citizen,No,White,2011-07-05 00:00:00,2012-02-08 00:00:00,Another position,Voluntarily Terminated,Production,Production Technician II,22.0,Kissy Sullivan,Glassdoor,Fully Meets
"Sahoo, Adil",1106026462,MA,2062,1986-04-26 00:00:00,31,Male,Married,US Citizen,No,White,2010-08-30 00:00:00,,N/A - still employed,Active,Production,Production Technician II,29.0,Kelley Spirea,Monster.com,Fully Meets
"Sloan, Constance",1012023103,MA,1851,1987-11-25 00:00:00,30,Female,Single,US Citizen,No,White,2009-10-26 00:00:00,2015-04-08 00:00:00,maternity leave - did not return,Voluntarily Terminated,Production,Production Technician II,23.0,Michael Albert,Monster.com,Fully Meets
"Smith, Joe",1001970770,MA,2045,1963-10-30 00:00:00,54,Male,Single,US Citizen,No,White,2014-09-29 00:00:00,,N/A - still employed,Active,Production,Production Technician II,22.0,Elijiah Gray,Pay Per Click - Google,Exceeds
"Tejeda, Lenora",1406068345,MA,2129,1953-05-24 00:00:00,64,Female,Married,US Citizen,No,White,2011-05-16 00:00:00,2012-07-08 00:00:00,Another position,Voluntarily Terminated,Production,Production Technician II,28.75,Elijiah Gray,Search Engine - Google Bing Yahoo,Fully Meets
"Thibaud, Kenneth",1011022777,MA,2472,1975-09-16 00:00:00,42,Male,widowed,US Citizen,No,White,2007-06-25 00:00:00,2010-08-30 00:00:00,military,Voluntarily Terminated,Production,Production Technician II,23.0,Webster Butler,Pay Per Click - Google,Fully Meets
"Trzeciak, Cybil",1107027551,MA,1778,1985-03-15 00:00:00,32,Female,Single,US Citizen,No,White,2011-01-10 00:00:00,2012-07-02 00:00:00,unhappy,Voluntarily Terminated,Production,Production Technician II,22.0,Amy Dunn,Vendor Referral,Fully Meets
"Walker, Roger",1011022818,MA,2459,1976-02-10 00:00:00,41,Male,Single,US Citizen,No,Black or African American,2014-08-18 00:00:00,,N/A - still employed,Active,Production,Production Technician II,22.0,Ketsia Liebig,Employee Referral,Fully Meets
"Winthrop, Jordan",1405067188,MA,2045,1958-11-07 00:00:00,59,male,Single,US Citizen,No,White,2013-01-07 00:00:00,2016-02-21 00:00:00,retiring,Voluntarily Terminated,Production,Production Technician II,29.0,Brannon Miller,Professional Society,Exceeds
"Wolk, Hang  T",1205033180,MA,2302,1985-04-20 00:00:00,32,Female,Single,US Citizen,No,White,2014-09-29 00:00:00,,N/A - still employed,Active,Production,Production Technician II,22.0,David Stanley,Newspager/Magazine,Fully Meets
"Woodson, Jason",1012023010,MA,1810,1985-05-11 00:00:00,32,Male,Single,US Citizen,No,White,2014-07-07 00:00:00,,N/A - still employed,Active,Production,Production Technician II,24.25,Kissy Sullivan,Vendor Referral,Fully Meets
"Buck, Edward",1504073313,MA,2330,1975-07-07 00:00:00,42,Male,Married,US Citizen,No,White,2014-09-29 00:00:00,,N/A - still employed,Active,Sales,Area Sales Manager,55.0,Lynn Daneault,Employee Referral,Fully Meets
"Bunbury, Jessica",1504073368,VA,21851,1964-06-01 00:00:00,53,Female,Married,Eligible NonCitizen,No,Black or African American,2011-08-15 00:00:00,2014-08-02 00:00:00,Another position,Voluntarily Terminated,Sales,Area Sales Manager,55.0,John Smith,Social Networks - Facebook Twitter etc,Fully Meets
"Carter, Michelle",1403065721,VT,5664,1963-05-15 00:00:00,54,Female,Single,US Citizen,No,White,2014-08-18 00:00:00,,N/A - still employed,Active,Sales,Area Sales Manager,55.0,John Smith,Billboard,Fully Meets
"Costa, Latia",1409070567,CA,90007,1988-11-08 00:00:00,29,Female,Single,US Citizen,No,White,2011-01-10 00:00:00,,N/A - still employed,Active,Sales,Area Sales Manager,55.0,Lynn Daneault,Other,Exceeds
"Dietrich, Jenna",1408069481,WA,98052,1987-05-14 00:00:00,30,Female,Single,US Citizen,Yes,White,2012-02-20 00:00:00,,N/A - still employed,Active,Sales,Area Sales Manager,55.0,John Smith,Website Banner Ads,PIP
"Digitale, Alfred",1306059197,NH,3062,1988-09-14 00:00:00,29,Male,Married,US Citizen,No,American Indian or Alaska Native,2014-08-18 00:00:00,,N/A - still employed,Active,Sales,Area Sales Manager,56.0,John Smith,Pay Per Click - Google,Fully Meets
"Fraval, Maruk",1411071302,CT,6050,1963-08-28 00:00:00,54,Male,Single,US Citizen,No,Black or African American,2011-09-06 00:00:00,,N/A - still employed,Active,Sales,Area Sales Manager,55.0,Lynn Daneault,Monster.com,Fully Meets
"Friedman, Gerry",1204032843,NY,10171,1969-02-24 00:00:00,48,Male,Single,US Citizen,Yes,Two or more races,2011-03-07 00:00:00,,N/A - still employed,Active,Sales,Area Sales Manager,55.5,John Smith,Diversity Job Fair,Fully Meets
"Gill, Whitney",1302053046,OH,43050,1971-07-10 00:00:00,46,Female,widowed,US Citizen,No,Black or African American,2014-07-07 00:00:00,2015-09-05 00:00:00,attendance,Terminated for Cause,Sales,Area Sales Manager,55.0,John Smith,Monster.com,Fully Meets
"Givens, Myriam",1203032099,IN,46204,1989-09-22 00:00:00,28,Female,Single,US Citizen,No,White,2015-02-16 00:00:00,,N/A - still employed,Active,Sales,Area Sales Manager,55.0,Lynn Daneault,Pay Per Click - Google,90-day meets
"Gonzales, Ricardo",1411071481,ID,83706,1954-10-12 00:00:00,63,Male,Married,US Citizen,No,White,2014-05-12 00:00:00,,N/A - still employed,Active,Sales,Area Sales Manager,55.5,John Smith,Monster.com,Fully Meets
"Guilianno, Mike",1001167253,TN,37129,1969-02-09 00:00:00,48,Male,Single,US Citizen,No,Two or more races,2011-03-07 00:00:00,2014-10-31 00:00:00,relocation out of area,Voluntarily Terminated,Sales,Area Sales Manager,55.0,John Smith,Newspager/Magazine,Fully Meets
Jeremy Prater,1001084890,NV,89139,1974-05-09 00:00:00,43,Male,Married,US Citizen,No,White,2014-05-12 00:00:00,,N/A - still employed,Active,Sales,Area Sales Manager,56.0,Lynn Daneault,Website Banner Ads,PIP
"Khemmich, Bartholemew",1104025008,CO,80820,1979-11-27 00:00:00,38,Male,Single,US Citizen,No,White,2013-08-19 00:00:00,,N/A - still employed,Active,Sales,Area Sales Manager,55.0,Lynn Daneault,Pay Per Click - Google,Fully Meets
"Leruth, Giovanni",1412071660,UT,84111,1988-12-27 00:00:00,29,Male,Separated,US Citizen,No,Black or African American,2012-04-30 00:00:00,,N/A - still employed,Active,Sales,Area Sales Manager,55.0,John Smith,Website Banner Ads,Fully Meets
"Martins, Joseph",1209048771,TX,78207,1970-06-11 00:00:00,47,Male,Single,Eligible NonCitizen,No,Black or African American,2012-05-14 00:00:00,,N/A - still employed,Active,Sales,Area Sales Manager,56.0,Lynn Daneault,Employee Referral,Fully Meets
"McKinzie, Jac",1209049326,TX,78789,1984-07-01 00:00:00,33,Male,Married,US Citizen,No,Two or more races,2016-07-06 00:00:00,,N/A - Has not started yet,Future Start,Sales,Area Sales Manager,55.0,Lynn Daneault,Website Banner Ads,N/A- too early to review
"Mullaney, Howard",1306057978,AL,36006,1975-11-02 00:00:00,42,Male,Single,US Citizen,No,Two or more races,2014-09-29 00:00:00,,N/A - still employed,Active,Sales,Area Sales Manager,55.0,John Smith,Internet Search,Needs Improvement
"Nguyen, Dheepa",1111030684,GA,30428,1989-03-31 00:00:00,28,Female,Single,US Citizen,No,Two or more races,2013-07-08 00:00:00,,N/A - still employed,Active,Sales,Area Sales Manager,55.0,Lynn Daneault,Pay Per Click - Google,Fully Meets
"Onque, Jasmine",1501072180,FL,33174,1990-05-11 00:00:00,27,Female,Single,US Citizen,Yes,White,2013-09-30 00:00:00,,N/A - still employed,Active,Sales,Area Sales Manager,57.0,Lynn Daneault,Pay Per Click - Google,Fully Meets
"Ozark, Travis",812011761,NC,27229,1982-05-19 00:00:00,35,Male,Single,US Citizen,No,White,2015-01-05 00:00:00,,N/A - still employed,Active,Sales,Area Sales Manager,55.0,John Smith,Website Banner Ads,90-day meets
"Potts, Xana",1102024106,KY,40220,1988-08-29 00:00:00,29,Female,Married,US Citizen,No,Black or African American,2012-01-09 00:00:00,,N/A - still employed,Active,Sales,Area Sales Manager,55.0,Lynn Daneault,Website Banner Ads,Fully Meets
"Riordan, Michael",1502072711,ND,58782,1968-01-15 00:00:00,50,Male,Separated,US Citizen,No,White,2006-01-09 00:00:00,,N/A - still employed,Active,Sales,Area Sales Manager,55.0,Lynn Daneault,Billboard,Exceeds
"Strong, Caitrin",1411071295,MT,59102,1989-05-12 00:00:00,28,Female,Married,US Citizen,No,Black or African American,2010-09-27 00:00:00,,N/A - still employed,Active,Sales,Area Sales Manager,54.0,John Smith,Professional Society,Fully Meets
"Terry, Sharlene",1401064637,OR,97756,1965-05-07 00:00:00,52,Female,Single,US Citizen,No,Black or African American,2014-09-29 00:00:00,,N/A - still employed,Active,Sales,Area Sales Manager,55.0,Lynn Daneault,Monster.com,Fully Meets
"Valentin,Jackie",1312063714,AZ,85006,1991-05-23 00:00:00,26,Female,Married,US Citizen,No,Two or more races,2011-07-05 00:00:00,,N/A - still employed,Active,Sales,Area Sales Manager,55.0,John Smith,Other,Fully Meets
"Villanueva, Noah",1111030503,ME,4063,1989-07-11 00:00:00,28,Male,Single,US Citizen,No,Asian,2012-03-05 00:00:00,,N/A - still employed,Active,Sales,Area Sales Manager,56.0,John Smith,Website Banner Ads,Fully Meets
"Houlihan, Debra",1009021646,RI,2908,1966-03-17 00:00:00,51,Female,Married,US Citizen,No,White,2014-05-05 00:00:00,,N/A - still employed,Active,Sales,Director of Sales,60.0,Janet King,MBTA ads,Fully Meets
"Daneault, Lynn",1402065303,VT,5473,1990-04-19 00:00:00,27,Female,Single,US Citizen,No,White,2014-05-05 00:00:00,,N/A - still employed,Active,Sales,Sales Manager,54.0,Debra Houlihan,Pay Per Click - Google,Fully Meets
"Kampew, Donysha",1109029264,PA,19444,1989-11-11 00:00:00,28,Female,Single,US Citizen,No,White,2011-11-07 00:00:00,2014-04-24 00:00:00,maternity leave - did not return,Voluntarily Terminated,Sales,Sales Manager,60.25,Debra Houlihan,Social Networks - Facebook Twitter etc,Fully Meets
"Smith, John",1499902910,MA,1886,1984-08-16 00:00:00,33,Male,Divorced,US Citizen,no,Black or African American,2014-05-18 00:00:00,,N/A - still employed,Active,Sales,Sales Manager,56.0,Debra Houlihan,Diversity Job Fair,Needs Improvement
"Andreola, Colby",1107027358,MA,2110,1979-05-24 00:00:00,38,Female,Single,US Citizen,No,White,2014-11-10 00:00:00,,N/A - still employed,Active,Software Engineering,Software Engineer,47.6,Alex Sweetwater,Vendor Referral,Fully Meets
"Carabbio, Judith",1101023577,MA,2132,1987-04-05 00:00:00,30,Female,Single,US Citizen,No,White,2013-11-11 00:00:00,,N/A - still employed,Active,Software Engineering,Software Engineer,56.0,Alex Sweetwater,Pay Per Click - Google,90-day meets
"Del Bosque, Keyla",1203032498,MA,2176,1979-07-05 00:00:00,38,Female,Single,US Citizen,No,Black or African American,2012-01-09 00:00:00,,N/A - still employed,Active,Software Engineering,Software Engineer,57.12,Alex Sweetwater,Monster.com,90-day meets
"Exantus, Susan",1401064670,MA,1749,1987-05-15 00:00:00,30,Female,Married,US Citizen,No,Black or African American,2011-05-02 00:00:00,2013-06-05 00:00:00,attendance,Terminated for Cause,Software Engineering,Software Engineer,48.5,Alex Sweetwater,Billboard,Needs Improvement
"Martin, Sandra",1303054625,MA,2135,1987-11-07 00:00:00,30,Female,Separated,US Citizen,No,Asian,2013-11-11 00:00:00,,N/A - still employed,Active,Software Engineering,Software Engineer,55.51,Alex Sweetwater,Search Engine - Google Bing Yahoo,Fully Meets
"Patronick, Luke",1112030979,MA,1844,1979-02-20 00:00:00,38,Male,Single,US Citizen,No,Asian,2011-11-07 00:00:00,2015-09-07 00:00:00,Another position,Voluntarily Terminated,Software Engineering,Software Engineer,52.25,Alex Sweetwater,Diversity Job Fair,Exceeds
"Saada, Adell",1012023185,MA,2132,1986-07-24 00:00:00,31,Female,Married,US Citizen,No,White,2012-11-05 00:00:00,,N/A - still employed,Active,Software Engineering,Software Engineer,49.25,Alex Sweetwater,Pay Per Click - Google,Fully Meets
"Szabo, Andrew",1201031324,MA,2140,1983-05-06 00:00:00,34,Male,Single,US Citizen,No,White,2014-07-07 00:00:00,,N/A - still employed,Active,Software Engineering,Software Engineer,48.0,Alex Sweetwater,MBTA ads,Exceptional
"True, Edward",1102024057,MA,2451,1983-06-14 00:00:00,34,Male,Single,Non-Citizen,No,Black or African American,2013-02-18 00:00:00,2014-04-15 00:00:00,medical issues,Voluntarily Terminated,Software Engineering,Software Engineer,45.42,Alex Sweetwater,Diversity Job Fair,Fully Meets
"Sweetwater, Alex",1001644719,MA,2184,1966-11-22 00:00:00,51,Male,Single,US Citizen,No,White,2011-08-15 00:00:00,,N/A - still employed,Active,Software Engineering,Software Engineering Manager,27.0,Jennifer Zamora,Search Engine - Google Bing Yahoo,Fully Meets
